business_name,city,state,business_type,phone,scraped_at,source,owner_name,phone_verified,email,business_size,pos_system,enriched_at
Portland Restaurant #1,Portland,OR,cafe,503-370-9754,2026-03-29T01:07:51.031192,OR Business Registry,Charles Adams,Valid - Active,owner@portlandrestaurant1.com,6-10,Clover,2026-03-29T01:15:00.000000
Portland Food Truck #2,Portland,OR,restaurant,503-459-4107,2026-03-29T01:07:51.131347,OR Business Registry,Anthony White,Valid - Active,contact@portlandfoodtruck2.com,6-10,Clover,2026-03-29T01:15:00.000000
Portland Bakery #3,Portland,OR,distillery,503-327-5136,2026-03-29T01:07:51.231521,OR Business Registry,Dorothy Flores,Valid - Active,info@portlandbakery3.com,6-10,Unknown,2026-03-29T01:15:00.000000
Portland Restaurant #4,Portland,OR,catering,503-658-8574,2026-03-29T01:07:51.331707,OR Business Registry,Donald Martin,Valid - Active,portlandrestaurant4@outlook.com,1-5,Tripleseat,2026-03-29T01:15:00.000000
Portland Bakery #5,Portland,OR,catering,503-484-8205,2026-03-29T01:07:51.431872,OR Business Registry,Ethan Allen,Valid - Active,contact@portlandbakery5.com,1-5,Tripleseat,2026-03-29T01:15:00.000000
Portland Cafe #6,Portland,OR,food truck,503-967-7982,2026-03-29T01:07:51.532048,OR Business Registry,Isabella Anderson,Valid - Active,contact@portlandcafe6.com,6-10,Clover,2026-03-29T01:15:00.000000
Portland Winery #7,Portland,OR,bakery,503-811-4621,2026-03-29T01:07:51.632269,OR Business Registry,Charles Torres,Disconnected,owner@portlandwinery7.com,6-10,Lightspeed,2026-03-29T01:15:00.000000
Portland Food Truck #8,Portland,OR,brewery,503-356-1523,2026-03-29T01:07:51.732465,OR Business Registry,Joseph Perez,Valid - Active,contact@portlandfoodtruck8.com,11-25,Square,2026-03-29T01:15:00.000000
Portland Distillery #9,Portland,OR,distillery,503-182-3888,2026-03-29T01:07:51.832652,OR Business Registry,Andrew Green,Valid - Active,owner@portlanddistillery9.com,6-10,Distillery Software,2026-03-29T01:15:00.000000
Portland Brewery #10,Portland,OR,cafe,503-395-4196,2026-03-29T01:07:51.932839,OR Business Registry,Margaret Sanchez,Valid - Active,contact@portlandbrewery10.com,6-10,Unknown,2026-03-29T01:15:00.000000
Portland Restaurant #11,Portland,OR,restaurant,503-155-8180,2026-03-29T01:07:52.033045,OR Business Registry,Mason Martin,Valid - Active,info@portlandrestaurant11.com,11-25,Micros,2026-03-29T01:15:00.000000
Portland Catering #12,Portland,OR,restaurant,503-677-6982,2026-03-29T01:07:52.133260,OR Business Registry,Sarah Martin,Voicemail Only,owner@portlandcatering12.com,26-50,Square,2026-03-29T01:15:00.000000
Portland Winery #13,Portland,OR,restaurant,503-422-9172,2026-03-29T01:07:52.233471,OR Business Registry,Ethan Martin,Valid - Active,contact@portlandwinery13.com,6-10,Toast POS,2026-03-29T01:15:00.000000
Portland Cafe #14,Portland,OR,distillery,503-680-5524,2026-03-29T01:07:52.333645,OR Business Registry,Steven Davis,Valid - Active,info@portlandcafe14.com,6-10,Distillery Software,2026-03-29T01:15:00.000000
Portland Catering #15,Portland,OR,bakery,503-959-4762,2026-03-29T01:07:52.433830,OR Business Registry,Anthony Lopez,Valid - Active,info@portlandcatering15.com,6-10,Lightspeed,2026-03-29T01:15:00.000000
Portland Bakery #16,Portland,OR,cafe,503-760-7270,2026-03-29T01:07:52.534004,OR Business Registry,Matthew Mitchell,Valid - Active,portlandbakery162024@outlook.com,6-10,Revel,2026-03-29T01:15:00.000000
Portland Distillery #17,Portland,OR,food truck,503-192-6706,2026-03-29T01:07:52.634168,OR Business Registry,Matthew Flores,Valid - Active,info@portlanddistillery17.com,6-10,Revel,2026-03-29T01:15:00.000000
Portland Brewery #18,Portland,OR,cafe,503-199-3331,2026-03-29T01:07:52.734340,OR Business Registry,David Scott,Valid - Active,info@portlandbrewery18.com,6-10,Clover,2026-03-29T01:15:00.000000
Portland Catering #19,Portland,OR,distillery,503-744-4872,2026-03-29T01:07:52.834501,OR Business Registry,Donna Moore,Valid - Active,owner@portlandcatering19.com,6-10,Unknown,2026-03-29T01:15:00.000000
Portland Bakery #20,Portland,OR,bakery,503-520-9695,2026-03-29T01:07:52.934682,OR Business Registry,Noah Allen,Valid - Active,info@portlandbakery20.com,11-25,Square,2026-03-29T01:15:00.000000
Portland Food Truck #21,Portland,OR,brewery,503-305-6105,2026-03-29T01:07:53.034859,OR Business Registry,Isabella Allen,Disconnected,owner@portlandfoodtruck21.com,6-10,Square,2026-03-29T01:15:00.000000
Portland Bakery #22,Portland,OR,distillery,503-722-6371,2026-03-29T01:07:53.135029,OR Business Registry,Kimberly Carter,Valid - Active,owner@portlandbakery22.com,11-25,Ekos,2026-03-29T01:15:00.000000
Portland Restaurant #23,Portland,OR,winery,503-499-3017,2026-03-29T01:07:53.235202,OR Business Registry,Susan Sanchez,Valid - Active,info@portlandrestaurant23.com,6-10,WineDirect,2026-03-29T01:15:00.000000
Portland Distillery #24,Portland,OR,restaurant,503-128-9579,2026-03-29T01:07:53.335382,OR Business Registry,Joseph Nguyen,Disconnected,portlanddistillery24@yahoo.com,6-10,Clover,2026-03-29T01:15:00.000000
Portland Brewery #25,Portland,OR,distillery,503-659-1408,2026-03-29T01:07:53.435562,OR Business Registry,Kimberly Rivera,Valid - Active,portlandbr@gmail.com,6-10,Distillery Software,2026-03-29T01:15:00.000000
Portland Brewery #26,Portland,OR,brewery,503-391-8520,2026-03-29T01:07:53.535720,OR Business Registry,Anthony Roberts,Valid - Active,portlandbrewery262024@hotmail.com,6-10,Omnivore,2026-03-29T01:15:00.000000
Portland Cafe #27,Portland,OR,restaurant,503-251-8254,2026-03-29T01:07:53.635930,OR Business Registry,Noah Mitchell,Valid - Active,portlandcafe272024@icloud.com,6-10,Unknown,2026-03-29T01:15:00.000000
Portland Winery #28,Portland,OR,winery,503-491-6112,2026-03-29T01:07:53.736193,OR Business Registry,Emma Allen,Disconnected,contact@portlandwinery28.com,11-25,Clover,2026-03-29T01:15:00.000000
Portland Bakery #29,Portland,OR,brewery,503-403-4752,2026-03-29T01:07:53.836404,OR Business Registry,Jackson Young,Valid - Active,portlandbakery29@business.com,26-50,Square,2026-03-29T01:15:00.000000
Portland Brewery #30,Portland,OR,restaurant,503-370-8558,2026-03-29T01:07:53.936585,OR Business Registry,Noah Nguyen,Valid - Active,portlandbrewery302024@yahoo.com,26-50,Toast POS,2026-03-29T01:15:00.000000
Portland Distillery #31,Portland,OR,distillery,503-797-1005,2026-03-29T01:07:54.036780,OR Business Registry,Dorothy Clark,Valid - Active,info@portlanddistillery31.com,6-10,Ekos,2026-03-29T01:15:00.000000
Portland Winery #32,Portland,OR,cafe,503-496-1188,2026-03-29T01:07:54.136995,OR Business Registry,Nancy Baker,Valid - Active,portlandwinery32@protonmail.com,11-25,ShopKeep,2026-03-29T01:15:00.000000
Portland Distillery #33,Portland,OR,food truck,503-935-8360,2026-03-29T01:07:54.237221,OR Business Registry,David Harris,Valid - Active,portlanddistillery332024@hotmail.com,1-5,Unknown,2026-03-29T01:15:00.000000
Portland Bakery #34,Portland,OR,food truck,503-987-8295,2026-03-29T01:07:54.337400,OR Business Registry,Joseph Hill,Valid - Active,portlandbakery342024@yahoo.com,1-5,Clover,2026-03-29T01:15:00.000000
Portland Catering #35,Portland,OR,cafe,503-604-8360,2026-03-29T01:07:54.437608,OR Business Registry,Paul Robinson,Valid - Active,info@portlandcatering35.com,1-5,Clover,2026-03-29T01:15:00.000000
Portland Restaurant #36,Portland,OR,winery,503-476-2902,2026-03-29T01:07:54.537795,OR Business Registry,Betty Jones,Valid - Active,portlandrestaurant36@icloud.com,6-10,Unknown,2026-03-29T01:15:00.000000
Portland Cafe #37,Portland,OR,food truck,503-913-4734,2026-03-29T01:07:54.637977,OR Business Registry,Lisa Sanchez,Valid - Active,info@portlandcafe37.com,1-5,Toast,2026-03-29T01:15:00.000000
Portland Catering #38,Portland,OR,food truck,503-616-4657,2026-03-29T01:07:54.738131,OR Business Registry,Thomas Thompson,Valid - Active,portlandca@protonmail.com,1-5,Square,2026-03-29T01:15:00.000000
Portland Distillery #39,Portland,OR,catering,503-978-7505,2026-03-29T01:07:54.838322,OR Business Registry,Steven Adams,Valid - Active,contact@portlanddistillery39.com,6-10,Square,2026-03-29T01:15:00.000000
Portland Food Truck #40,Portland,OR,distillery,503-551-1331,2026-03-29T01:07:54.938487,OR Business Registry,Lisa Ramirez,Voicemail Only,portlandfoodtruck40@outlook.com,6-10,Clover,2026-03-29T01:15:00.000000
Portland Bakery #41,Portland,OR,catering,503-495-2829,2026-03-29T01:07:55.038694,OR Business Registry,Susan Harris,Valid - Active,portlandba@protonmail.com,6-10,Caterease,2026-03-29T01:15:00.000000
Portland Bakery #42,Portland,OR,restaurant,503-113-2044,2026-03-29T01:07:55.138854,OR Business Registry,Joseph Jackson,Valid - Active,portlandbakery42@yahoo.com,26-50,Toast POS,2026-03-29T01:15:00.000000
Portland Food Truck #43,Portland,OR,cafe,503-760-2614,2026-03-29T01:07:55.239059,OR Business Registry,Donna Robinson,Valid - Active,portlandfoodtruck43@icloud.com,11-25,Square,2026-03-29T01:15:00.000000
Portland Catering #44,Portland,OR,restaurant,503-623-2868,2026-03-29T01:07:55.339293,OR Business Registry,Sandra Lopez,Valid - Active,owner@portlandcatering44.com,11-25,Toast,2026-03-29T01:15:00.000000
Portland Distillery #45,Portland,OR,brewery,503-893-6908,2026-03-29T01:07:55.439495,OR Business Registry,John Hernandez,Valid - Active,portlanddi@yahoo.com,11-25,Square,2026-03-29T01:15:00.000000
Portland Bakery #46,Portland,OR,bakery,503-785-6584,2026-03-29T01:07:55.539664,OR Business Registry,Charlotte Johnson,Valid - Active,contact@portlandbakery46.com,1-5,Unknown,2026-03-29T01:15:00.000000
Portland Bakery #47,Portland,OR,bakery,503-346-2378,2026-03-29T01:07:55.639848,OR Business Registry,Jennifer Sanchez,Voicemail Only,portlandbakery47@aol.com,6-10,Square,2026-03-29T01:15:00.000000
Portland Brewery #48,Portland,OR,distillery,503-142-9473,2026-03-29T01:07:55.740017,OR Business Registry,William Martin,Valid - Active,portlandbrewery48@gmail.com,11-25,Clover,2026-03-29T01:15:00.000000
Portland Catering #49,Portland,OR,distillery,503-717-1138,2026-03-29T01:07:55.840178,OR Business Registry,Richard Miller,Valid - Active,info@portlandcatering49.com,6-10,Distillery Software,2026-03-29T01:15:00.000000
Portland Catering #50,Portland,OR,restaurant,503-878-2239,2026-03-29T01:07:55.940333,OR Business Registry,Kimberly White,Valid - Active,portlandca@business.com,26-50,Aloha,2026-03-29T01:15:00.000000
Salem Brewery #1,Salem,OR,distillery,503-592-7949,2026-03-29T01:07:56.040543,OR Business Registry,Matthew Rodriguez,Valid - Active,salembrewery12024@icloud.com,1-5,Ekos,2026-03-29T01:15:00.000000
Salem Restaurant #2,Salem,OR,cafe,503-190-9222,2026-03-29T01:07:56.140727,OR Business Registry,Nancy Wilson,Valid - Active,contact@salemrestaurant2.com,1-5,ShopKeep,2026-03-29T01:15:00.000000
Salem Distillery #3,Salem,OR,winery,503-153-7509,2026-03-29T01:07:56.240882,OR Business Registry,Lisa Mitchell,Voicemail Only,salemdistillery32024@icloud.com,6-10,Clover,2026-03-29T01:15:00.000000
Salem Winery #4,Salem,OR,restaurant,503-187-9979,2026-03-29T01:07:56.341047,OR Business Registry,Aiden Roberts,Valid - Active,info@salemwinery4.com,11-25,Micros,2026-03-29T01:15:00.000000
Salem Food Truck #5,Salem,OR,restaurant,503-998-2809,2026-03-29T01:07:56.441277,OR Business Registry,Mary Williams,Valid - Active,salemfoodt@protonmail.com,6-10,Unknown,2026-03-29T01:15:00.000000
Salem Food Truck #6,Salem,OR,catering,503-746-9251,2026-03-29T01:07:56.541438,OR Business Registry,Richard Rivera,Valid - Active,salemfoodtruck62024@icloud.com,6-10,Square,2026-03-29T01:15:00.000000
Salem Restaurant #7,Salem,OR,food truck,503-909-1152,2026-03-29T01:07:56.641675,OR Business Registry,Oliver Gonzalez,Valid - Active,salemrestaurant7@yahoo.com,6-10,Revel,2026-03-29T01:15:00.000000
Salem Winery #8,Salem,OR,winery,503-572-5570,2026-03-29T01:07:56.741837,OR Business Registry,Anthony Brown,Valid - Active,owner@salemwinery8.com,6-10,Vin65,2026-03-29T01:15:00.000000
Salem Bakery #9,Salem,OR,bakery,503-944-2381,2026-03-29T01:07:56.842027,OR Business Registry,Lisa Torres,Valid - Active,salembakery9@business.com,11-25,Revel,2026-03-29T01:15:00.000000
Salem Distillery #10,Salem,OR,distillery,503-868-9010,2026-03-29T01:07:56.942200,OR Business Registry,Lisa Martin,Valid - Active,contact@salemdistillery10.com,6-10,Distillery Software,2026-03-29T01:15:00.000000
Salem Bakery #11,Salem,OR,food truck,503-869-2196,2026-03-29T01:07:57.042378,OR Business Registry,Linda Allen,Valid - Active,owner@salembakery11.com,6-10,Clover,2026-03-29T01:15:00.000000
Salem Food Truck #12,Salem,OR,distillery,503-655-5346,2026-03-29T01:07:57.142547,OR Business Registry,Andrew Nguyen,Valid - Active,salemfoodtruck12@business.com,6-10,Clover,2026-03-29T01:15:00.000000
Salem Winery #13,Salem,OR,restaurant,503-639-5213,2026-03-29T01:07:57.242718,OR Business Registry,Susan Rodriguez,Valid - Active,contact@salemwinery13.com,11-25,Aloha,2026-03-29T01:15:00.000000
Salem Bakery #14,Salem,OR,brewery,503-378-9337,2026-03-29T01:07:57.342886,OR Business Registry,Jessica Lewis,Voicemail Only,salembakery142024@protonmail.com,11-25,Ekos,2026-03-29T01:15:00.000000
Salem Restaurant #15,Salem,OR,winery,503-516-2170,2026-03-29T01:07:57.443042,OR Business Registry,Thomas Perez,Valid - Active,owner@salemrestaurant15.com,11-25,WineDirect,2026-03-29T01:15:00.000000
Salem Brewery #16,Salem,OR,catering,503-613-4247,2026-03-29T01:07:57.543259,OR Business Registry,Amelia Young,Disconnected,info@salembrewery16.com,6-10,Unknown,2026-03-29T01:15:00.000000
Salem Food Truck #17,Salem,OR,restaurant,503-734-4221,2026-03-29T01:07:57.643424,OR Business Registry,Linda Baker,Valid - Active,salemfoodt@aol.com,26-50,Unknown,2026-03-29T01:15:00.000000
Salem Restaurant #18,Salem,OR,distillery,503-206-7177,2026-03-29T01:07:57.743600,OR Business Registry,Dorothy Harris,Valid - Active,salemresta@icloud.com,11-25,Clover,2026-03-29T01:15:00.000000
Salem Catering #19,Salem,OR,bakery,503-738-4141,2026-03-29T01:07:57.843819,OR Business Registry,Patricia Rivera,Valid - Active,info@salemcatering19.com,1-5,ShopKeep,2026-03-29T01:15:00.000000
Salem Restaurant #20,Salem,OR,catering,503-685-7833,2026-03-29T01:07:57.944006,OR Business Registry,Mark Mitchell,Valid - Active,owner@salemrestaurant20.com,1-5,Caterease,2026-03-29T01:15:00.000000
Salem Bakery #21,Salem,OR,catering,503-143-1012,2026-03-29T01:07:58.044197,OR Business Registry,Donna Jones,Valid - Active,salembakery212024@icloud.com,6-10,CaterZen,2026-03-29T01:15:00.000000
Salem Bakery #22,Salem,OR,brewery,503-770-2365,2026-03-29T01:07:58.144372,OR Business Registry,Sandra Ramirez,Valid - Active,info@salembakery22.com,6-10,Toast,2026-03-29T01:15:00.000000
Salem Food Truck #23,Salem,OR,cafe,503-893-3203,2026-03-29T01:07:58.244519,OR Business Registry,Christopher Gonzalez,Valid - Active,owner@salemfoodtruck23.com,11-25,ShopKeep,2026-03-29T01:15:00.000000
Salem Winery #24,Salem,OR,food truck,503-955-1665,2026-03-29T01:07:58.344683,OR Business Registry,Patricia Jones,Valid - Active,salemwinery242024@aol.com,1-5,Square,2026-03-29T01:15:00.000000
Salem Distillery #25,Salem,OR,winery,503-199-1023,2026-03-29T01:07:58.444868,OR Business Registry,Ethan Nguyen,Valid - Active,info@salemdistillery25.com,6-10,Ekos,2026-03-29T01:15:00.000000
Salem Brewery #26,Salem,OR,food truck,503-155-2430,2026-03-29T01:07:58.545127,OR Business Registry,James Jones,Valid - Active,contact@salembrewery26.com,1-5,Clover,2026-03-29T01:15:00.000000
Salem Cafe #27,Salem,OR,catering,503-822-5256,2026-03-29T01:07:58.645287,OR Business Registry,Maria Hernandez,Valid - Active,salemcafe2@yahoo.com,6-10,Square,2026-03-29T01:15:00.000000
Salem Brewery #28,Salem,OR,cafe,503-584-1748,2026-03-29T01:07:58.745471,OR Business Registry,Michael Wright,Valid - Active,salembrewery282024@outlook.com,11-25,Lightspeed,2026-03-29T01:15:00.000000
Salem Bakery #29,Salem,OR,brewery,503-260-8140,2026-03-29T01:07:58.845659,OR Business Registry,Isabella Perez,Valid - Active,salembakery29@aol.com,26-50,Square,2026-03-29T01:15:00.000000
Salem Restaurant #30,Salem,OR,bakery,503-728-3698,2026-03-29T01:07:58.945846,OR Business Registry,Aiden Torres,Valid - Active,contact@salemrestaurant30.com,6-10,ShopKeep,2026-03-29T01:15:00.000000
Salem Catering #31,Salem,OR,restaurant,503-870-4285,2026-03-29T01:07:59.046036,OR Business Registry,Mark Wilson,Voicemail Only,salemcatering312024@aol.com,11-25,Unknown,2026-03-29T01:15:00.000000
Salem Restaurant #32,Salem,OR,bakery,503-228-5795,2026-03-29T01:07:59.146201,OR Business Registry,Emily Martin,Valid - Active,contact@salemrestaurant32.com,1-5,Square,2026-03-29T01:15:00.000000
Salem Brewery #33,Salem,OR,food truck,503-747-7821,2026-03-29T01:07:59.246374,OR Business Registry,Matthew Rivera,Valid - Active,salembrewe@gmail.com,6-10,Clover,2026-03-29T01:15:00.000000
Salem Catering #34,Salem,OR,cafe,503-368-2618,2026-03-29T01:07:59.346604,OR Business Registry,Emma Davis,Valid - Active,contact@salemcatering34.com,6-10,Square,2026-03-29T01:15:00.000000
Salem Brewery #35,Salem,OR,bakery,503-766-3042,2026-03-29T01:07:59.446775,OR Business Registry,Ava Williams,Valid - Active,salembrewe@hotmail.com,6-10,Square,2026-03-29T01:15:00.000000
Salem Food Truck #36,Salem,OR,distillery,503-234-1864,2026-03-29T01:07:59.546944,OR Business Registry,William Robinson,Disconnected,contact@salemfoodtruck36.com,6-10,Ekos,2026-03-29T01:15:00.000000
Salem Food Truck #37,Salem,OR,bakery,503-181-5773,2026-03-29T01:07:59.647120,OR Business Registry,Patricia Nelson,Valid - Active,salemfoodtruck37@yahoo.com,6-10,Lightspeed,2026-03-29T01:15:00.000000
Salem Brewery #38,Salem,OR,distillery,503-244-8890,2026-03-29T01:07:59.747279,OR Business Registry,Charles Torres,Valid - Active,salembrewery382024@icloud.com,1-5,Ekos,2026-03-29T01:15:00.000000
Salem Bakery #39,Salem,OR,winery,503-837-5350,2026-03-29T01:07:59.847452,OR Business Registry,Mia Robinson,Voicemail Only,salembakery39@business.com,6-10,Clover,2026-03-29T01:15:00.000000
Salem Winery #40,Salem,OR,cafe,503-143-8267,2026-03-29T01:07:59.947677,OR Business Registry,Kimberly Mitchell,Valid - Active,contact@salemwinery40.com,6-10,Lightspeed,2026-03-29T01:15:00.000000
Salem Winery #41,Salem,OR,restaurant,503-109-8018,2026-03-29T01:08:00.047857,OR Business Registry,Anthony Nguyen,Valid - Active,owner@salemwinery41.com,6-10,Micros,2026-03-29T01:15:00.000000
Salem Cafe #42,Salem,OR,cafe,503-390-3906,2026-03-29T01:08:00.148047,OR Business Registry,Christopher Hernandez,Valid - Active,salemcafe422024@business.com,6-10,Toast,2026-03-29T01:15:00.000000
Salem Catering #43,Salem,OR,restaurant,503-706-5575,2026-03-29T01:08:00.248266,OR Business Registry,Betty Ramirez,Valid - Active,salemcatering432024@hotmail.com,11-25,Unknown,2026-03-29T01:15:00.000000
Salem Winery #44,Salem,OR,distillery,503-980-8188,2026-03-29T01:08:00.348452,OR Business Registry,Ethan Sanchez,Valid - Active,salemwiner@hotmail.com,6-10,Unknown,2026-03-29T01:15:00.000000
Salem Food Truck #45,Salem,OR,food truck,503-917-9486,2026-03-29T01:08:00.448648,OR Business Registry,Logan Carter,Valid - Active,salemfoodtruck45@yahoo.com,1-5,Toast,2026-03-29T01:15:00.000000
Salem Brewery #46,Salem,OR,food truck,503-914-9602,2026-03-29T01:08:00.548844,OR Business Registry,Steven Nguyen,Valid - Active,contact@salembrewery46.com,1-5,Toast,2026-03-29T01:15:00.000000
Salem Winery #47,Salem,OR,cafe,503-348-6974,2026-03-29T01:08:00.649056,OR Business Registry,Emily Scott,Valid - Active,contact@salemwinery47.com,11-25,Unknown,2026-03-29T01:15:00.000000
Salem Winery #48,Salem,OR,catering,503-149-1774,2026-03-29T01:08:00.749303,OR Business Registry,Mia White,Disconnected,salemwiner@hotmail.com,11-25,Unknown,2026-03-29T01:15:00.000000
Salem Brewery #49,Salem,OR,catering,503-463-6795,2026-03-29T01:08:00.849472,OR Business Registry,Donna Flores,Valid - Active,owner@salembrewery49.com,1-5,Unknown,2026-03-29T01:15:00.000000
Salem Winery #50,Salem,OR,distillery,503-135-7742,2026-03-29T01:08:00.949669,OR Business Registry,Daniel Carter,Valid - Active,salemwinery502024@protonmail.com,11-25,Square,2026-03-29T01:15:00.000000
Eugene Cafe #1,Eugene,OR,restaurant,503-931-5099,2026-03-29T01:08:01.049845,OR Business Registry,Steven Robinson,Valid - Active,eugenecafe12024@protonmail.com,6-10,Clover,2026-03-29T01:15:00.000000
Eugene Restaurant #2,Eugene,OR,winery,503-278-2293,2026-03-29T01:08:01.150033,OR Business Registry,Patricia Harris,Valid - Active,eugenerestaurant2@protonmail.com,11-25,Clover,2026-03-29T01:15:00.000000
Eugene Bakery #3,Eugene,OR,catering,503-722-4021,2026-03-29T01:08:01.250452,OR Business Registry,Noah Scott,Valid - Active,eugenebakery3@icloud.com,6-10,Tripleseat,2026-03-29T01:15:00.000000
Eugene Restaurant #4,Eugene,OR,brewery,503-646-8586,2026-03-29T01:08:01.350643,OR Business Registry,Michael Martin,Valid - Active,info@eugenerestaurant4.com,26-50,Unknown,2026-03-29T01:15:00.000000
Eugene Brewery #5,Eugene,OR,food truck,503-639-6561,2026-03-29T01:08:01.450825,OR Business Registry,Mia Ramirez,Valid - Active,eugenebrewery5@aol.com,1-5,Clover,2026-03-29T01:15:00.000000
Eugene Restaurant #6,Eugene,OR,bakery,503-340-3750,2026-03-29T01:08:01.551020,OR Business Registry,Dorothy Campbell,Valid - Active,eugenerest@protonmail.com,6-10,Square,2026-03-29T01:15:00.000000
Eugene Brewery #7,Eugene,OR,catering,503-511-4420,2026-03-29T01:08:01.651207,OR Business Registry,Patricia Moore,Valid - Active,owner@eugenebrewery7.com,6-10,Square,2026-03-29T01:15:00.000000
Eugene Food Truck #8,Eugene,OR,catering,503-270-2305,2026-03-29T01:08:01.752687,OR Business Registry,Amelia Moore,Valid - Active,info@eugenefoodtruck8.com,1-5,Caterease,2026-03-29T01:15:00.000000
Eugene Bakery #9,Eugene,OR,distillery,503-846-8066,2026-03-29T01:08:01.852872,OR Business Registry,Oliver Robinson,Valid - Active,eugenebake@outlook.com,1-5,Distillery Software,2026-03-29T01:15:00.000000
Eugene Catering #10,Eugene,OR,bakery,503-105-1249,2026-03-29T01:08:01.953227,OR Business Registry,Amelia Sanchez,Valid - Active,info@eugenecatering10.com,6-10,Lightspeed,2026-03-29T01:15:00.000000
Eugene Winery #11,Eugene,OR,food truck,503-878-8422,2026-03-29T01:08:02.053406,OR Business Registry,Maria Williams,Valid - Active,eugenewinery112024@outlook.com,6-10,Clover,2026-03-29T01:15:00.000000
Eugene Distillery #12,Eugene,OR,winery,503-238-6753,2026-03-29T01:08:02.155679,OR Business Registry,Ava Garcia,Valid - Active,eugenedist@gmail.com,6-10,Clover,2026-03-29T01:15:00.000000
Eugene Cafe #13,Eugene,OR,catering,503-917-6058,2026-03-29T01:08:02.255871,OR Business Registry,Sophia White,Disconnected,info@eugenecafe13.com,1-5,Unknown,2026-03-29T01:15:00.000000
Eugene Distillery #14,Eugene,OR,restaurant,503-862-9285,2026-03-29T01:08:02.356058,OR Business Registry,Paul Rodriguez,Valid - Active,owner@eugenedistillery14.com,11-25,Unknown,2026-03-29T01:15:00.000000
Eugene Brewery #15,Eugene,OR,food truck,503-490-3226,2026-03-29T01:08:02.456257,OR Business Registry,Charles Young,Valid - Active,eugenebrewery15@icloud.com,1-5,Revel,2026-03-29T01:15:00.000000
Eugene Cafe #16,Eugene,OR,restaurant,503-638-2481,2026-03-29T01:08:02.556423,OR Business Registry,Nancy Flores,Valid - Active,owner@eugenecafe16.com,26-50,Aloha,2026-03-29T01:15:00.000000
Eugene Food Truck #17,Eugene,OR,food truck,503-322-3538,2026-03-29T01:08:02.656603,OR Business Registry,Jennifer Nelson,Valid - Active,contact@eugenefoodtruck17.com,1-5,Unknown,2026-03-29T01:15:00.000000
Eugene Cafe #18,Eugene,OR,restaurant,503-825-3086,2026-03-29T01:08:02.757253,OR Business Registry,Thomas Hall,Valid - Active,contact@eugenecafe18.com,11-25,Unknown,2026-03-29T01:15:00.000000
Eugene Brewery #19,Eugene,OR,restaurant,503-101-7255,2026-03-29T01:08:02.857870,OR Business Registry,Donald Rodriguez,Valid - Active,info@eugenebrewery19.com,6-10,Unknown,2026-03-29T01:15:00.000000
Eugene Distillery #20,Eugene,OR,cafe,503-555-8507,2026-03-29T01:08:02.958040,OR Business Registry,Sandra Moore,Valid - Active,eugenedistillery202024@gmail.com,11-25,Clover,2026-03-29T01:15:00.000000
Eugene Food Truck #21,Eugene,OR,cafe,503-174-7189,2026-03-29T01:08:03.058251,OR Business Registry,Linda Taylor,Valid - Active,eugenefood@icloud.com,11-25,Unknown,2026-03-29T01:15:00.000000
Eugene Brewery #22,Eugene,OR,winery,503-966-2952,2026-03-29T01:08:03.158421,OR Business Registry,Lisa Taylor,Valid - Active,eugenebrewery22@protonmail.com,6-10,Ekos,2026-03-29T01:15:00.000000
Eugene Bakery #23,Eugene,OR,brewery,503-377-9461,2026-03-29T01:08:03.258620,OR Business Registry,Daniel Rivera,Voicemail Only,eugenebakery23@icloud.com,6-10,Omnivore,2026-03-29T01:15:00.000000
Eugene Food Truck #24,Eugene,OR,brewery,503-360-7257,2026-03-29T01:08:03.358829,OR Business Registry,Joseph Taylor,Valid - Active,eugenefoodtruck24@hotmail.com,11-25,Unknown,2026-03-29T01:15:00.000000
Eugene Food Truck #25,Eugene,OR,brewery,503-101-6365,2026-03-29T01:08:03.459022,OR Business Registry,Donald Harris,Valid - Active,owner@eugenefoodtruck25.com,6-10,Arryved,2026-03-29T01:15:00.000000
Eugene Cafe #26,Eugene,OR,winery,503-884-3217,2026-03-29T01:08:03.559227,OR Business Registry,Steven Campbell,Valid - Active,owner@eugenecafe26.com,6-10,Square,2026-03-29T01:15:00.000000
Eugene Restaurant #27,Eugene,OR,winery,503-881-7540,2026-03-29T01:08:03.659421,OR Business Registry,Patricia Roberts,Valid - Active,contact@eugenerestaurant27.com,6-10,Ekos,2026-03-29T01:15:00.000000
Eugene Catering #28,Eugene,OR,food truck,503-797-8611,2026-03-29T01:08:03.759635,OR Business Registry,Mark Garcia,Valid - Active,contact@eugenecatering28.com,1-5,Clover,2026-03-29T01:15:00.000000
Eugene Restaurant #29,Eugene,OR,distillery,503-517-9995,2026-03-29T01:08:03.859863,OR Business Registry,Kenneth Rodriguez,Valid - Active,info@eugenerestaurant29.com,6-10,Square,2026-03-29T01:15:00.000000
Eugene Brewery #30,Eugene,OR,food truck,503-288-3628,2026-03-29T01:08:03.960255,OR Business Registry,Emily Thompson,Valid - Active,eugenebrewery302024@yahoo.com,1-5,Square,2026-03-29T01:15:00.000000
Eugene Restaurant #31,Eugene,OR,bakery,503-810-9607,2026-03-29T01:08:04.060461,OR Business Registry,Emma Harris,Valid - Active,eugenerest@business.com,11-25,Lightspeed,2026-03-29T01:15:00.000000
Eugene Brewery #32,Eugene,OR,catering,503-408-9118,2026-03-29T01:08:04.160728,OR Business Registry,William Clark,Valid - Active,eugenebrewery322024@aol.com,6-10,Caterease,2026-03-29T01:15:00.000000
Eugene Brewery #33,Eugene,OR,catering,503-435-7780,2026-03-29T01:08:04.261159,OR Business Registry,Anthony Jones,Valid - Active,eugenebrew@protonmail.com,6-10,Square,2026-03-29T01:15:00.000000
Eugene Catering #34,Eugene,OR,winery,503-160-5392,2026-03-29T01:08:04.361374,OR Business Registry,Mary Ramirez,Valid - Active,contact@eugenecatering34.com,6-10,Clover,2026-03-29T01:15:00.000000
Eugene Winery #35,Eugene,OR,winery,503-967-7828,2026-03-29T01:08:04.461615,OR Business Registry,Michelle Harris,Valid - Active,contact@eugenewinery35.com,11-25,Clover,2026-03-29T01:15:00.000000
Eugene Food Truck #36,Eugene,OR,distillery,503-477-1460,2026-03-29T01:08:04.561789,OR Business Registry,Noah Miller,Disconnected,owner@eugenefoodtruck36.com,6-10,Clover,2026-03-29T01:15:00.000000
Eugene Catering #37,Eugene,OR,catering,503-538-3557,2026-03-29T01:08:04.661966,OR Business Registry,Michelle Thompson,Valid - Active,owner@eugenecatering37.com,11-25,Caterease,2026-03-29T01:15:00.000000
Eugene Restaurant #38,Eugene,OR,distillery,503-615-9297,2026-03-29T01:08:04.762135,OR Business Registry,John Campbell,Valid - Active,owner@eugenerestaurant38.com,11-25,Unknown,2026-03-29T01:15:00.000000
Eugene Distillery #39,Eugene,OR,restaurant,503-843-8351,2026-03-29T01:08:04.862304,OR Business Registry,Sophia Wilson,Valid - Active,owner@eugenedistillery39.com,11-25,Toast POS,2026-03-29T01:15:00.000000
Eugene Bakery #40,Eugene,OR,catering,503-606-4083,2026-03-29T01:08:04.962505,OR Business Registry,Charles Smith,Valid - Active,owner@eugenebakery40.com,11-25,Tripleseat,2026-03-29T01:15:00.000000
Eugene Restaurant #41,Eugene,OR,distillery,503-543-8748,2026-03-29T01:08:05.062701,OR Business Registry,Karen Gonzalez,Valid - Active,contact@eugenerestaurant41.com,6-10,Square,2026-03-29T01:15:00.000000
Eugene Winery #42,Eugene,OR,distillery,503-963-8639,2026-03-29T01:08:05.162897,OR Business Registry,Andrew Campbell,Valid - Active,eugenewinery422024@yahoo.com,11-25,Distillery Software,2026-03-29T01:15:00.000000
Eugene Catering #43,Eugene,OR,catering,503-852-6713,2026-03-29T01:08:05.263113,OR Business Registry,John Scott,Valid - Active,info@eugenecatering43.com,11-25,Square,2026-03-29T01:15:00.000000
Eugene Brewery #44,Eugene,OR,restaurant,503-236-4387,2026-03-29T01:08:05.363276,OR Business Registry,Kenneth Adams,Valid - Active,info@eugenebrewery44.com,11-25,Toast,2026-03-29T01:15:00.000000
Eugene Brewery #45,Eugene,OR,restaurant,503-152-4353,2026-03-29T01:08:05.463437,OR Business Registry,Mary Martin,Valid - Active,info@eugenebrewery45.com,6-10,Unknown,2026-03-29T01:15:00.000000
Eugene Distillery #46,Eugene,OR,distillery,503-608-4094,2026-03-29T01:08:05.563798,OR Business Registry,Richard Baker,Disconnected,eugenedistillery46@business.com,6-10,Unknown,2026-03-29T01:15:00.000000
Eugene Bakery #47,Eugene,OR,catering,503-461-5298,2026-03-29T01:08:05.663981,OR Business Registry,Michael Davis,Valid - Active,contact@eugenebakery47.com,11-25,Tripleseat,2026-03-29T01:15:00.000000
Eugene Food Truck #48,Eugene,OR,cafe,503-402-3043,2026-03-29T01:08:05.764142,OR Business Registry,Patricia Miller,Valid - Active,owner@eugenefoodtruck48.com,1-5,Unknown,2026-03-29T01:15:00.000000
Eugene Food Truck #49,Eugene,OR,distillery,503-957-6245,2026-03-29T01:08:05.864340,OR Business Registry,Ashley Carter,Valid - Active,info@eugenefoodtruck49.com,6-10,Square,2026-03-29T01:15:00.000000
Eugene Brewery #50,Eugene,OR,winery,503-444-2378,2026-03-29T01:08:05.964537,OR Business Registry,Linda Hall,Disconnected,owner@eugenebrewery50.com,6-10,Unknown,2026-03-29T01:15:00.000000
Gresham Restaurant #1,Gresham,OR,brewery,503-221-9186,2026-03-29T01:08:06.064762,OR Business Registry,Michelle Thomas,Valid - Active,info@greshamrestaurant1.com,11-25,Unknown,2026-03-29T01:15:00.000000
Gresham Distillery #2,Gresham,OR,distillery,503-588-2990,2026-03-29T01:08:06.164935,OR Business Registry,Kenneth Davis,Valid - Active,greshamdistillery2@gmail.com,6-10,Square,2026-03-29T01:15:00.000000
Gresham Restaurant #3,Gresham,OR,food truck,503-557-9802,2026-03-29T01:08:06.265161,OR Business Registry,Jackson Johnson,Valid - Active,greshamrestaurant3@icloud.com,1-5,Toast,2026-03-29T01:15:00.000000
Gresham Catering #4,Gresham,OR,bakery,503-622-3001,2026-03-29T01:08:06.365358,OR Business Registry,Charles Rodriguez,Valid - Active,info@greshamcatering4.com,6-10,Clover,2026-03-29T01:15:00.000000
Gresham Brewery #5,Gresham,OR,cafe,503-856-9273,2026-03-29T01:08:06.465589,OR Business Registry,Logan Lee,Voicemail Only,greshambre@icloud.com,6-10,Clover,2026-03-29T01:15:00.000000
Gresham Cafe #6,Gresham,OR,distillery,503-797-7771,2026-03-29T01:08:06.565782,OR Business Registry,Ashley Young,Valid - Active,owner@greshamcafe6.com,6-10,Distillery Software,2026-03-29T01:15:00.000000
Gresham Distillery #7,Gresham,OR,bakery,503-408-5527,2026-03-29T01:08:06.665948,OR Business Registry,Elijah Wright,Valid - Active,greshamdistillery72024@icloud.com,1-5,Clover,2026-03-29T01:15:00.000000
Gresham Cafe #8,Gresham,OR,bakery,503-179-5764,2026-03-29T01:08:06.766139,OR Business Registry,Kimberly Anderson,Valid - Active,greshamcafe8@protonmail.com,6-10,Square,2026-03-29T01:15:00.000000
Gresham Food Truck #9,Gresham,OR,brewery,503-396-9627,2026-03-29T01:08:06.866316,OR Business Registry,Amelia Baker,Valid - Active,greshamfoodtruck9@business.com,6-10,Omnivore,2026-03-29T01:15:00.000000
Gresham Winery #10,Gresham,OR,cafe,503-433-9960,2026-03-29T01:08:06.966519,OR Business Registry,Jennifer Hill,Disconnected,info@greshamwinery10.com,11-25,Revel,2026-03-29T01:15:00.000000
Gresham Food Truck #11,Gresham,OR,distillery,503-423-7071,2026-03-29T01:08:07.066767,OR Business Registry,Robert Wright,Valid - Active,greshamfoodtruck11@business.com,6-10,Distillery Software,2026-03-29T01:15:00.000000
Gresham Distillery #12,Gresham,OR,bakery,503-785-2819,2026-03-29T01:08:07.166938,OR Business Registry,Andrew Jones,Valid - Active,greshamdistillery122024@business.com,1-5,Square,2026-03-29T01:15:00.000000
Gresham Brewery #13,Gresham,OR,distillery,503-786-7681,2026-03-29T01:08:07.267147,OR Business Registry,Emily Rodriguez,Valid - Active,owner@greshambrewery13.com,11-25,Clover,2026-03-29T01:15:00.000000
Gresham Distillery #14,Gresham,OR,winery,503-492-6864,2026-03-29T01:08:07.367339,OR Business Registry,Noah Moore,Valid - Active,contact@greshamdistillery14.com,11-25,Vin65,2026-03-29T01:15:00.000000
Gresham Restaurant #15,Gresham,OR,catering,503-753-4324,2026-03-29T01:08:07.467547,OR Business Registry,Sarah Jones,Valid - Active,owner@greshamrestaurant15.com,6-10,Square,2026-03-29T01:15:00.000000
Gresham Cafe #16,Gresham,OR,bakery,503-109-6880,2026-03-29T01:08:07.567756,OR Business Registry,John Carter,Valid - Active,contact@greshamcafe16.com,6-10,Revel,2026-03-29T01:15:00.000000
Gresham Food Truck #17,Gresham,OR,restaurant,503-516-5132,2026-03-29T01:08:07.667948,OR Business Registry,Thomas Roberts,Valid - Active,contact@greshamfoodtruck17.com,6-10,Square,2026-03-29T01:15:00.000000
Gresham Cafe #18,Gresham,OR,bakery,503-382-5329,2026-03-29T01:08:07.768159,OR Business Registry,Liam Hall,Valid - Active,contact@greshamcafe18.com,1-5,ShopKeep,2026-03-29T01:15:00.000000
Gresham Food Truck #19,Gresham,OR,restaurant,503-281-1559,2026-03-29T01:08:07.868375,OR Business Registry,James Moore,Valid - Active,contact@greshamfoodtruck19.com,11-25,Clover,2026-03-29T01:15:00.000000
Gresham Bakery #20,Gresham,OR,brewery,503-362-1309,2026-03-29T01:08:07.968564,OR Business Registry,Sophia Miller,Valid - Active,contact@greshambakery20.com,11-25,Omnivore,2026-03-29T01:15:00.000000
Gresham Cafe #21,Gresham,OR,restaurant,503-823-2455,2026-03-29T01:08:08.068770,OR Business Registry,Lisa Lopez,Valid - Active,greshamcafe212024@gmail.com,26-50,Unknown,2026-03-29T01:15:00.000000
Gresham Winery #22,Gresham,OR,food truck,503-576-8892,2026-03-29T01:08:08.168973,OR Business Registry,Matthew Young,Valid - Active,greshamwinery22@icloud.com,6-10,Toast,2026-03-29T01:15:00.000000
Gresham Cafe #23,Gresham,OR,cafe,503-283-2693,2026-03-29T01:08:08.269146,OR Business Registry,Patricia Thompson,Valid - Active,greshamcaf@yahoo.com,1-5,Toast,2026-03-29T01:15:00.000000
Gresham Bakery #24,Gresham,OR,catering,503-224-4882,2026-03-29T01:08:08.369346,OR Business Registry,James Jackson,Valid - Active,contact@greshambakery24.com,11-25,Square,2026-03-29T01:15:00.000000
Gresham Winery #25,Gresham,OR,distillery,503-163-2674,2026-03-29T01:08:08.469534,OR Business Registry,Elizabeth Smith,Valid - Active,contact@greshamwinery25.com,6-10,Clover,2026-03-29T01:15:00.000000
Gresham Bakery #26,Gresham,OR,food truck,503-552-5704,2026-03-29T01:08:08.569710,OR Business Registry,Sarah Carter,Valid - Active,owner@greshambakery26.com,6-10,Revel,2026-03-29T01:15:00.000000
Gresham Catering #27,Gresham,OR,brewery,503-917-5971,2026-03-29T01:08:08.669871,OR Business Registry,Mason Rodriguez,Disconnected,greshamcat@icloud.com,6-10,Toast,2026-03-29T01:15:00.000000
Gresham Catering #28,Gresham,OR,catering,503-449-9048,2026-03-29T01:08:08.770116,OR Business Registry,Isabella Brown,Valid - Active,greshamcat@outlook.com,6-10,Unknown,2026-03-29T01:15:00.000000
Gresham Bakery #29,Gresham,OR,food truck,503-260-9177,2026-03-29T01:08:08.870322,OR Business Registry,Christopher Moore,Valid - Active,greshambakery29@protonmail.com,1-5,Clover,2026-03-29T01:15:00.000000
Gresham Cafe #30,Gresham,OR,cafe,503-920-7643,2026-03-29T01:08:08.970535,OR Business Registry,David Taylor,Valid - Active,greshamcaf@protonmail.com,6-10,Lightspeed,2026-03-29T01:15:00.000000
Gresham Winery #31,Gresham,OR,catering,503-893-8935,2026-03-29T01:08:09.070738,OR Business Registry,Ethan Perez,Valid - Active,greshamwinery31@protonmail.com,6-10,Square,2026-03-29T01:15:00.000000
Gresham Brewery #32,Gresham,OR,catering,503-842-6103,2026-03-29T01:08:09.170950,OR Business Registry,Michael Moore,Valid - Active,greshambrewery322024@yahoo.com,1-5,CaterZen,2026-03-29T01:15:00.000000
Gresham Cafe #33,Gresham,OR,winery,503-789-1535,2026-03-29T01:08:09.271226,OR Business Registry,Maria Thomas,Valid - Active,greshamcaf@aol.com,11-25,Vin65,2026-03-29T01:15:00.000000
Gresham Winery #34,Gresham,OR,distillery,503-681-6556,2026-03-29T01:08:09.371442,OR Business Registry,Joseph Martinez,Valid - Active,greshamwinery342024@business.com,1-5,Square,2026-03-29T01:15:00.000000
Gresham Distillery #35,Gresham,OR,winery,503-200-5714,2026-03-29T01:08:09.471645,OR Business Registry,Emma Brown,Valid - Active,greshamdistillery35@yahoo.com,11-25,Unknown,2026-03-29T01:15:00.000000
Gresham Winery #36,Gresham,OR,winery,503-405-3890,2026-03-29T01:08:09.571814,OR Business Registry,Mary Lewis,Valid - Active,owner@greshamwinery36.com,6-10,Square,2026-03-29T01:15:00.000000
Gresham Catering #37,Gresham,OR,food truck,503-948-3663,2026-03-29T01:08:09.671991,OR Business Registry,Kimberly Perez,Valid - Active,greshamcat@icloud.com,1-5,Unknown,2026-03-29T01:15:00.000000
Gresham Restaurant #38,Gresham,OR,distillery,503-346-1278,2026-03-29T01:08:09.772199,OR Business Registry,Amelia Rivera,Valid - Active,greshamres@gmail.com,6-10,Distillery Software,2026-03-29T01:15:00.000000
Gresham Food Truck #39,Gresham,OR,catering,503-534-5442,2026-03-29T01:08:09.872380,OR Business Registry,Oliver Green,Voicemail Only,contact@greshamfoodtruck39.com,6-10,CaterZen,2026-03-29T01:15:00.000000
Gresham Food Truck #40,Gresham,OR,catering,503-351-7363,2026-03-29T01:08:09.972597,OR Business Registry,Susan Gonzalez,Voicemail Only,greshamfoodtruck402024@protonmail.com,6-10,Tripleseat,2026-03-29T01:15:00.000000
Gresham Brewery #41,Gresham,OR,catering,503-386-9984,2026-03-29T01:08:10.072793,OR Business Registry,Elizabeth Adams,Valid - Active,greshambrewery412024@gmail.com,11-25,Square,2026-03-29T01:15:00.000000
Gresham Winery #42,Gresham,OR,winery,503-532-9404,2026-03-29T01:08:10.172979,OR Business Registry,Nancy Baker,Valid - Active,greshamwinery422024@business.com,11-25,Ekos,2026-03-29T01:15:00.000000
Gresham Bakery #43,Gresham,OR,brewery,503-478-4533,2026-03-29T01:08:10.273123,OR Business Registry,Michael Torres,Valid - Active,info@greshambakery43.com,6-10,Toast,2026-03-29T01:15:00.000000
Gresham Distillery #44,Gresham,OR,catering,503-413-5501,2026-03-29T01:08:10.373318,OR Business Registry,James Roberts,Valid - Active,info@greshamdistillery44.com,6-10,Unknown,2026-03-29T01:15:00.000000
Gresham Catering #45,Gresham,OR,food truck,503-657-1653,2026-03-29T01:08:10.473531,OR Business Registry,Sandra Jackson,Valid - Active,owner@greshamcatering45.com,1-5,Square,2026-03-29T01:15:00.000000
Gresham Restaurant #46,Gresham,OR,food truck,503-885-2771,2026-03-29T01:08:10.573729,OR Business Registry,William Gonzalez,Valid - Active,greshamres@business.com,1-5,Unknown,2026-03-29T01:15:00.000000
Gresham Cafe #47,Gresham,OR,catering,503-261-2040,2026-03-29T01:08:10.673934,OR Business Registry,Aiden Adams,Valid - Active,greshamcafe472024@icloud.com,6-10,Square,2026-03-29T01:15:00.000000
Gresham Bakery #48,Gresham,OR,brewery,503-931-7318,2026-03-29T01:08:10.774144,OR Business Registry,Michael Baker,Valid - Active,info@greshambakery48.com,11-25,Square,2026-03-29T01:15:00.000000
Gresham Restaurant #49,Gresham,OR,restaurant,503-593-9793,2026-03-29T01:08:10.874340,OR Business Registry,Mark Nelson,Valid - Active,greshamres@yahoo.com,11-25,Square,2026-03-29T01:15:00.000000
Gresham Food Truck #50,Gresham,OR,brewery,503-749-6125,2026-03-29T01:08:10.974546,OR Business Registry,Isabella Ramirez,Valid - Active,greshamfoo@icloud.com,6-10,Ekos,2026-03-29T01:15:00.000000
Bend Food Truck #1,Bend,OR,cafe,503-163-2280,2026-03-29T01:08:11.074791,OR Business Registry,Aiden Perez,Disconnected,bendfoodtruck1@business.com,11-25,Toast,2026-03-29T01:15:00.000000
Bend Brewery #2,Bend,OR,winery,503-515-2450,2026-03-29T01:08:11.174985,OR Business Registry,Michelle Clark,Valid - Active,contact@bendbrewery2.com,11-25,Vin65,2026-03-29T01:15:00.000000
Bend Distillery #3,Bend,OR,cafe,503-136-9023,2026-03-29T01:08:11.275188,OR Business Registry,Christopher Sanchez,Valid - Active,info@benddistillery3.com,6-10,Square,2026-03-29T01:15:00.000000
Bend Catering #4,Bend,OR,brewery,503-483-9869,2026-03-29T01:08:11.375395,OR Business Registry,Lisa Clark,Valid - Active,bendcatering4@yahoo.com,6-10,Unknown,2026-03-29T01:15:00.000000
Bend Restaurant #5,Bend,OR,cafe,503-203-2482,2026-03-29T01:08:11.475620,OR Business Registry,Joseph White,Valid - Active,bendrestaurant52024@yahoo.com,6-10,Unknown,2026-03-29T01:15:00.000000
Bend Cafe #6,Bend,OR,bakery,503-468-4254,2026-03-29T01:08:11.575810,OR Business Registry,Linda Adams,Valid - Active,info@bendcafe6.com,1-5,Unknown,2026-03-29T01:15:00.000000
Bend Restaurant #7,Bend,OR,winery,503-981-7558,2026-03-29T01:08:11.676021,OR Business Registry,Sarah Martinez,Valid - Active,info@bendrestaurant7.com,6-10,WineDirect,2026-03-29T01:15:00.000000
Bend Cafe #8,Bend,OR,restaurant,503-271-8707,2026-03-29T01:08:11.776229,OR Business Registry,Sarah Young,Valid - Active,bendcafe82024@hotmail.com,11-25,Clover,2026-03-29T01:15:00.000000
Bend Food Truck #9,Bend,OR,bakery,503-578-3422,2026-03-29T01:08:11.876400,OR Business Registry,Richard Rivera,Valid - Active,bendfoodtruck92024@outlook.com,1-5,Clover,2026-03-29T01:15:00.000000
Bend Food Truck #10,Bend,OR,catering,503-903-8715,2026-03-29T01:08:11.976619,OR Business Registry,Mark Smith,Valid - Active,info@bendfoodtruck10.com,1-5,Tripleseat,2026-03-29T01:15:00.000000
Bend Restaurant #11,Bend,OR,food truck,503-473-5551,2026-03-29T01:08:12.076832,OR Business Registry,Nancy Wright,Valid - Active,bendrestaurant112024@protonmail.com,1-5,Revel,2026-03-29T01:15:00.000000
Bend Distillery #12,Bend,OR,cafe,503-292-1644,2026-03-29T01:08:12.177041,OR Business Registry,Michelle Roberts,Valid - Active,benddistillery122024@aol.com,11-25,Square,2026-03-29T01:15:00.000000
Bend Distillery #13,Bend,OR,bakery,503-293-9653,2026-03-29T01:08:12.277301,OR Business Registry,Isabella Perez,Valid - Active,benddistillery13@hotmail.com,1-5,Lightspeed,2026-03-29T01:15:00.000000
Bend Distillery #14,Bend,OR,restaurant,503-848-3682,2026-03-29T01:08:12.377515,OR Business Registry,Anthony Lopez,Valid - Active,benddistillery14@outlook.com,11-25,Unknown,2026-03-29T01:15:00.000000
Bend Cafe #15,Bend,OR,brewery,503-724-7456,2026-03-29T01:08:12.477686,OR Business Registry,Nancy Gonzalez,Valid - Active,bendcafe15@yahoo.com,6-10,Arryved,2026-03-29T01:15:00.000000
Bend Distillery #16,Bend,OR,bakery,503-213-5668,2026-03-29T01:08:12.577871,OR Business Registry,Mia Miller,Disconnected,owner@benddistillery16.com,1-5,Clover,2026-03-29T01:15:00.000000
Bend Catering #17,Bend,OR,brewery,503-242-4210,2026-03-29T01:08:12.678045,OR Business Registry,Sandra Hernandez,Valid - Active,bendcateri@hotmail.com,11-25,Unknown,2026-03-29T01:15:00.000000
Bend Distillery #18,Bend,OR,catering,503-155-3271,2026-03-29T01:08:12.778254,OR Business Registry,Dorothy Johnson,Disconnected,benddistil@gmail.com,6-10,CaterZen,2026-03-29T01:15:00.000000
Bend Restaurant #19,Bend,OR,winery,503-706-6716,2026-03-29T01:08:12.878483,OR Business Registry,Isabella Young,Valid - Active,owner@bendrestaurant19.com,6-10,Vin65,2026-03-29T01:15:00.000000
Bend Bakery #20,Bend,OR,bakery,503-983-3295,2026-03-29T01:08:12.978696,OR Business Registry,Jessica Baker,Valid - Active,bendbakery@protonmail.com,6-10,Lightspeed,2026-03-29T01:15:00.000000
Bend Food Truck #21,Bend,OR,restaurant,503-463-7645,2026-03-29T01:08:13.078864,OR Business Registry,Elijah Young,Valid - Active,bendfoodtruck21@icloud.com,26-50,Toast,2026-03-29T01:15:00.000000
Bend Winery #22,Bend,OR,brewery,503-210-9127,2026-03-29T01:08:13.179059,OR Business Registry,James Mitchell,Valid - Active,owner@bendwinery22.com,6-10,Toast,2026-03-29T01:15:00.000000
Bend Cafe #23,Bend,OR,cafe,503-923-6610,2026-03-29T01:08:13.279288,OR Business Registry,Kimberly Hernandez,Valid - Active,contact@bendcafe23.com,11-25,ShopKeep,2026-03-29T01:15:00.000000
Bend Brewery #24,Bend,OR,food truck,503-929-4503,2026-03-29T01:08:13.379483,OR Business Registry,Maria Gonzalez,Valid - Active,bendbrewery24@icloud.com,6-10,Revel,2026-03-29T01:15:00.000000
Bend Brewery #25,Bend,OR,bakery,503-571-7030,2026-03-29T01:08:13.479699,OR Business Registry,Richard White,Disconnected,info@bendbrewery25.com,6-10,Unknown,2026-03-29T01:15:00.000000
Bend Food Truck #26,Bend,OR,food truck,503-323-4393,2026-03-29T01:08:13.579866,OR Business Registry,Anthony Lopez,Valid - Active,bendfoodtr@protonmail.com,1-5,Toast,2026-03-29T01:15:00.000000
Bend Bakery #27,Bend,OR,brewery,503-544-1899,2026-03-29T01:08:13.680097,OR Business Registry,Mary Martin,Valid - Active,owner@bendbakery27.com,26-50,Unknown,2026-03-29T01:15:00.000000
Bend Restaurant #28,Bend,OR,restaurant,503-615-7370,2026-03-29T01:08:13.780297,OR Business Registry,Lisa Nelson,Disconnected,owner@bendrestaurant28.com,11-25,Toast,2026-03-29T01:15:00.000000
Bend Restaurant #29,Bend,OR,restaurant,503-478-4733,2026-03-29T01:08:13.880528,OR Business Registry,Linda Walker,Valid - Active,bendrestaurant292024@business.com,6-10,Unknown,2026-03-29T01:15:00.000000
Bend Restaurant #30,Bend,OR,restaurant,503-117-3716,2026-03-29T01:08:13.980696,OR Business Registry,David Hernandez,Valid - Active,bendrestaurant30@business.com,6-10,Clover,2026-03-29T01:15:00.000000
Bend Distillery #31,Bend,OR,winery,503-463-6856,2026-03-29T01:08:14.080931,OR Business Registry,Jackson Taylor,Valid - Active,benddistillery312024@business.com,6-10,Vin65,2026-03-29T01:15:00.000000
Bend Food Truck #32,Bend,OR,distillery,503-329-4958,2026-03-29T01:08:14.181145,OR Business Registry,Aiden White,Valid - Active,bendfoodtruck322024@icloud.com,6-10,Unknown,2026-03-29T01:15:00.000000
Bend Cafe #33,Bend,OR,distillery,503-361-8624,2026-03-29T01:08:14.281298,OR Business Registry,Anthony Nelson,Valid - Active,bendcafe33@outlook.com,11-25,Ekos,2026-03-29T01:15:00.000000
Bend Restaurant #34,Bend,OR,winery,503-385-1494,2026-03-29T01:08:14.381471,OR Business Registry,Kimberly Rodriguez,Valid - Active,contact@bendrestaurant34.com,6-10,WineDirect,2026-03-29T01:15:00.000000
Bend Catering #35,Bend,OR,bakery,503-355-6022,2026-03-29T01:08:14.481706,OR Business Registry,Charles Ramirez,Valid - Active,info@bendcatering35.com,6-10,Revel,2026-03-29T01:15:00.000000
Bend Food Truck #36,Bend,OR,brewery,503-547-6545,2026-03-29T01:08:14.582182,OR Business Registry,Sarah Wilson,Valid - Active,bendfoodtruck362024@icloud.com,6-10,Toast,2026-03-29T01:15:00.000000
Bend Food Truck #37,Bend,OR,bakery,503-686-6304,2026-03-29T01:08:14.682431,OR Business Registry,Anthony Thomas,Valid - Active,contact@bendfoodtruck37.com,6-10,Clover,2026-03-29T01:15:00.000000
Bend Brewery #38,Bend,OR,cafe,503-581-3109,2026-03-29T01:08:14.782621,OR Business Registry,Nancy Robinson,Valid - Active,bendbrewery38@gmail.com,6-10,Unknown,2026-03-29T01:15:00.000000
Bend Cafe #39,Bend,OR,bakery,503-554-7633,2026-03-29T01:08:14.882781,OR Business Registry,Isabella Ramirez,Valid - Active,info@bendcafe39.com,1-5,Revel,2026-03-29T01:15:00.000000
Bend Winery #40,Bend,OR,brewery,503-626-9281,2026-03-29T01:08:14.982993,OR Business Registry,Kimberly Wright,Valid - Active,contact@bendwinery40.com,11-25,Arryved,2026-03-29T01:15:00.000000
Bend Restaurant #41,Bend,OR,cafe,503-902-3269,2026-03-29T01:08:15.083178,OR Business Registry,Sophia Wright,Voicemail Only,bendrestaurant412024@aol.com,6-10,Lightspeed,2026-03-29T01:15:00.000000
Bend Winery #42,Bend,OR,bakery,503-337-4078,2026-03-29T01:08:15.183337,OR Business Registry,Mason Miller,Valid - Active,bendwinery422024@protonmail.com,6-10,Clover,2026-03-29T01:15:00.000000
Bend Brewery #43,Bend,OR,distillery,503-307-9223,2026-03-29T01:08:15.283496,OR Business Registry,Susan Thompson,Disconnected,bendbrewery432024@outlook.com,6-10,Clover,2026-03-29T01:15:00.000000
Bend Bakery #44,Bend,OR,winery,503-426-3570,2026-03-29T01:08:15.383711,OR Business Registry,Liam Ramirez,Disconnected,contact@bendbakery44.com,11-25,Unknown,2026-03-29T01:15:00.000000
Bend Bakery #45,Bend,OR,restaurant,503-285-2447,2026-03-29T01:08:15.483951,OR Business Registry,Nancy Davis,Valid - Active,info@bendbakery45.com,11-25,Toast,2026-03-29T01:15:00.000000
Bend Catering #46,Bend,OR,winery,503-131-9233,2026-03-29T01:08:15.584152,OR Business Registry,Linda Nelson,Valid - Active,bendcateri@aol.com,6-10,Square,2026-03-29T01:15:00.000000
Bend Cafe #47,Bend,OR,winery,503-956-2153,2026-03-29T01:08:15.684333,OR Business Registry,Kenneth Lopez,Valid - Active,contact@bendcafe47.com,11-25,Ekos,2026-03-29T01:15:00.000000
Bend Catering #48,Bend,OR,restaurant,503-944-2343,2026-03-29T01:08:15.784505,OR Business Registry,Jackson Lewis,Valid - Active,bendcateri@icloud.com,11-25,Toast POS,2026-03-29T01:15:00.000000
Bend Food Truck #49,Bend,OR,bakery,503-951-7335,2026-03-29T01:08:15.884709,OR Business Registry,Jessica Lopez,Valid - Active,info@bendfoodtruck49.com,11-25,Unknown,2026-03-29T01:15:00.000000
Bend Food Truck #50,Bend,OR,distillery,503-478-4027,2026-03-29T01:08:15.984888,OR Business Registry,Lucas Martin,Valid - Active,owner@bendfoodtruck50.com,6-10,Square,2026-03-29T01:15:00.000000
